1,Jo,Jenkins,Brake Mill Cottage,Off Stakenbridge Lane,Hagley,UK,Worcestershire,DY8 2XY
2,Sally,Crompton,c/o 47 The Parade,Royal Priors,,UK & Kenya,Leamington Spa,CV32 4BL
3,Lisa,White,Mahidol Oxford Research Unit,Faculty of Tropical Medicine,Mahidol University,Thailand,420/6 Rajvithi Road,10400
4,Adam,Bodley - Tickell,115 Church Road,Dordon,,UK,Tamworth,B78 1RN
5,Trudie,Lang,Swallows Barn,Chapel Hill,Wootton, Woodstock,UK,Oxford,OX20 1DX
6,John,Cornforth,8 Raleigh Avenue,,Torquay,UK,DevonCornforth,TQ2 6DL
7,Sarah,Terry,144 Penhill Drive,Penhill,,UK,Swindon,SN2 5HQ
8,Annette,Skeates,142 Penhill Drive,Penhill,,UK,Swindon,SN2 5HQ
9,Claire,Kendall,46 Brookside Crescent,,,UK,Cuffley,EN6 4QN
10,Caroline,English,c/o Dr Mike English,KEMRI,,Kenya,Nairobi,
11,Ben & Sam,Burgess,14 Mafeking Road,,,UK,Brighton,BN2 4EL
12,Margaret,Mackinnon,KEMRI,PO Box 230,,Kenya,Kilifi,
13,Anne,Marie,,,,UK,,
14,Eileen,Lightowler,83 Mill Road,,Stock,UK,Essex,CM4 9LR
15,Sarah,Murphy,Beach House, beach Front,Amroth,Pembrokeshire, S. Wales,UK,SA67 8NB,
16,Robert & Raj,Kettle,4,The Hedgerows,Woodley,,UK,Berkshire,RG5 3BQ
17,Judith (Jude),Slama,286 Mary Street,Balsall Heath,,UK,Birmingham,B12 9RJ
18,Sarah Atkinson & Philip Bejon,Atkinson/Bejon,56 Ambleside Drive,Headington,Oxford,UK,Oxon,OX30 AH
19,Rachel,Day,37 Between Streets,,Cobham,UK,Surrey,KT11 1AA
20,Pauline,Lowe,57 Hubble Close,,Headington, ,Kenya and UK,Oxford,OX3 9BG
21,Johannes ,Pfeil,Angelweg 10,69121 Heidelberg,,Germany,,
22,Karl-Friedrich,Pfeil,Parkstr.12,,,Germany,74211 Leingarten,